{"train_acc_list": [35.68281936645508], "test_acc_list": [48.51485061645508], "loss_mean_list": [1.3705726339105975], "loss_std_list": [0.016385783221636273]}