{"train_acc_list": [35.79294967651367, 35.68281936645508], "test_acc_list": [47.524749755859375, 48.51485061645508], "loss_mean_list": [1.3698099136089963, 1.3510043934840987], "loss_std_list": [0.056018614413972496, 0.10890717559945036]}