{"train_acc_list": [27.863433837890625, 34.36123275756836, 37.224666595458984, 37.885459899902344, 37.224666595458984, 38.766517639160156, 37.11453628540039, 37.99559020996094, 38.10572814941406, 38.54625701904297, 39.75770950317383, 37.11453628540039, 36.56387710571289, 38.98678207397461, 38.98678207397461, 41.62995529174805, 40.52863311767578, 41.18942642211914, 41.409690856933594, 42.73127746582031, 44.49338912963867, 41.960350036621094, 44.49338912963867, 48.017616271972656, 44.713653564453125, 47.13656234741211, 47.90748596191406, 50.110130310058594, 50.110130310058594, 51.541847229003906, 49.00880813598633, 51.43171691894531, 52.42290496826172, 51.87224578857422, 53.63435745239258, 53.08369827270508, 53.63435745239258, 52.09251022338867, 56.49779510498047, 52.973567962646484, 55.94713592529297, 58.259910583496094, 57.81937789916992, 58.1497802734375, 55.28634262084961, 61.563873291015625, 57.81937789916992, 62.334800720214844, 60.13215637207031, 62.55506134033203, 62.0044059753418, 60.46255111694336, 61.23347854614258, 64.64757537841797, 61.34360885620117, 63.76651382446289, 65.08810424804688, 62.9955940246582, 66.85021209716797, 67.07048034667969, 63.436119079589844, 63.215858459472656, 65.85902404785156, 62.44493103027344, 67.62113952636719, 67.8414077758789, 66.9603500366211, 67.18061828613281, 69.38325500488281, 66.62995147705078, 67.40087890625, 73.12775421142578, 67.62113952636719, 72.24669647216797, 74.0088119506836, 71.47576904296875, 72.79735565185547, 74.0088119506836, 73.67841339111328, 72.35682678222656, 71.80615997314453, 72.79735565185547, 74.77973175048828, 72.57708740234375, 74.5594711303711, 75.1101303100586, 75.99118041992188, 76.5418472290039, 74.0088119506836, 75.5506591796875, 77.86343383789062, 77.53303527832031, 80.06607818603516, 80.39647674560547, 77.6431655883789, 79.84580993652344, 81.60792541503906, 79.95594024658203, 79.95594024658203, 77.7532958984375], "test_acc_list": [31.683168411254883, 36.633663177490234, 42.574256896972656, 49.50495147705078, 41.58415985107422, 45.544551849365234, 42.574256896972656, 39.60396194458008, 44.5544548034668, 43.564353942871094, 44.5544548034668, 43.564353942871094, 45.544551849365234, 44.5544548034668, 43.564353942871094, 49.50495147705078, 46.53465270996094, 56.435646057128906, 50.49504470825195, 50.49504470825195, 52.475242614746094, 52.475242614746094, 57.425743103027344, 51.485145568847656, 55.4455451965332, 57.425743103027344, 55.4455451965332, 56.435646057128906, 52.475242614746094, 56.435646057128906, 53.46534729003906, 44.5544548034668, 53.46534729003906, 59.405941009521484, 48.51485061645508, 50.49504470825195, 51.485145568847656, 56.435646057128906, 53.46534729003906, 55.4455451965332, 56.435646057128906, 49.50495147705078, 54.455448150634766, 44.5544548034668, 49.50495147705078, 52.475242614746094, 54.455448150634766, 55.4455451965332, 49.50495147705078, 54.455448150634766, 51.485145568847656, 54.455448150634766, 49.50495147705078, 54.455448150634766, 48.51485061645508, 48.51485061645508, 52.475242614746094, 44.5544548034668, 56.435646057128906, 58.41584014892578, 44.5544548034668, 55.4455451965332, 47.524749755859375, 45.544551849365234, 56.435646057128906, 52.475242614746094, 49.50495147705078, 57.425743103027344, 52.475242614746094, 51.485145568847656, 55.4455451965332, 53.46534729003906, 56.435646057128906, 58.41584014892578, 51.485145568847656, 55.4455451965332, 48.51485061645508, 52.475242614746094, 57.425743103027344, 45.544551849365234, 44.5544548034668, 50.49504470825195, 56.435646057128906, 47.524749755859375, 50.49504470825195, 47.524749755859375, 56.435646057128906, 47.524749755859375, 46.53465270996094, 50.49504470825195, 53.46534729003906, 47.524749755859375, 45.544551849365234, 55.4455451965332, 57.425743103027344, 49.50495147705078, 46.53465270996094, 55.4455451965332, 50.49504470825195, 48.51485061645508], "loss_mean_list": [1.3904724853080617, 1.3829936458353411, 1.3767129245557284, 1.3714076301507783, 1.36649485429128, 1.3632127443949382, 1.3540576382687217, 1.3491708019323516, 1.3412832774614032, 1.3412038757089983, 1.3308015622590716, 1.3246534895478634, 1.3178715831355046, 1.317428749904298, 1.3104768531364308, 1.3000359200594718, 1.296243297426324, 1.2908276465901158, 1.2829341553805167, 1.2796967426935832, 1.2802893885394984, 1.2610572388297634, 1.263186164069594, 1.247661684688769, 1.2581335013372856, 1.2388742513823927, 1.2317854751620376, 1.222642693603248, 1.2193176735911453, 1.1935182454293234, 1.185476581255595, 1.1870156150115163, 1.1834971402820789, 1.172601280505197, 1.1454645865841915, 1.1549295657559444, 1.1342254030077081, 1.124884753896479, 1.1184000749337046, 1.1120221468440272, 1.0979799199522586, 1.1069438938508953, 1.111914811427133, 1.0735191410047966, 1.0677284420582287, 1.0731385329313445, 1.053780158360799, 1.0537292486742924, 1.0269445390032048, 1.0447540722395245, 1.0344007015228271, 0.9996586985755385, 1.0067113439242046, 1.000062674806829, 0.9859548681660703, 0.9871169171835247, 0.9552704357264334, 0.9497916447488886, 0.9541015750483463, 0.9466240803400675, 0.9530887457362393, 0.93782737589719, 0.9252048375313742, 0.9296775972634032, 0.9180947489905775, 0.9152752025085583, 0.8698528398547256, 0.8807532787322998, 0.8857530857387342, 0.8706553076442919, 0.8383548667556361, 0.8606104181523908, 0.8243822852770487, 0.8429331214804399, 0.8013194527542382, 0.820948252552434, 0.7782407183396188, 0.8278474399918004, 0.7852619933454614, 0.7930278312741664, 0.7892685218861228, 0.778280634629099, 0.7742751638094584, 0.7791173824092799, 0.7811039518891719, 0.7429018350023973, 0.7376912382611057, 0.7240861105291467, 0.7394576104063737, 0.7091306594380161, 0.7326520430414301, 0.6929639509895391, 0.6913227130446518, 0.7129673048069602, 0.7057729661464691, 0.6892091851485403, 0.6898585970987353, 0.6414088815973517, 0.6466560991186845, 0.6591552433214689], "loss_std_list": [0.00855937415870031, 0.00797036356129711, 0.010571076000561433, 0.012269574162248744, 0.017069621841932423, 0.01850470576552993, 0.01726396996127815, 0.021302746004972273, 0.025655342990888716, 0.027872866191574006, 0.03563845372314209, 0.037433619827024575, 0.03750429750591994, 0.05040879840374151, 0.047321466801454305, 0.05431599858158369, 0.05988955191994001, 0.07621368382128482, 0.06308255819395683, 0.0712081591423663, 0.07780636237507682, 0.07079798946934458, 0.09232616270435469, 0.06952200583809864, 0.0781512024542316, 0.08026173099736238, 0.09216206973022367, 0.0740258218039357, 0.09528218105097867, 0.08241721987907222, 0.09563977394076971, 0.11353814477661286, 0.11675627156433044, 0.10072700493012404, 0.11853389395059923, 0.12516708759281023, 0.12003133844207231, 0.10838457780883524, 0.13870971398669762, 0.1185878897177435, 0.12814822941120493, 0.11709097785609747, 0.13336889713022004, 0.12003856148267124, 0.11242566896190746, 0.13415732521218335, 0.14043485971943187, 0.13601978639555254, 0.12857017314403316, 0.1603850485777396, 0.15635618230540427, 0.1208606647320428, 0.13611259749279161, 0.12964524890438556, 0.14431232641825767, 0.16295314812646391, 0.15558407623229126, 0.17719111550096492, 0.16888947400886842, 0.14689988170870122, 0.1727364563989879, 0.1680221849855613, 0.16712984047130539, 0.13874448319742538, 0.13104257224520435, 0.14565220500226375, 0.13428657230046234, 0.14512827452416346, 0.17506556957739106, 0.13858744882347543, 0.16372783533696328, 0.17616855367073622, 0.1504849580402529, 0.1671375415749645, 0.17935197154127783, 0.16506177092372337, 0.14002229730947627, 0.17455102712799817, 0.16765905716067261, 0.17216839306317896, 0.17209140064711478, 0.1780075446950313, 0.191651642955323, 0.15789144720252551, 0.14240622589098662, 0.13526436540047684, 0.16345017694633268, 0.1517192618732436, 0.13715773270463336, 0.15817751900514912, 0.18118346325414345, 0.1504333258562716, 0.16989085237118642, 0.18505242131447372, 0.17217748141002784, 0.17308559507547444, 0.1739991069868423, 0.18166487035189532, 0.20642338355004275, 0.1325068142805328]}