{"train_acc_list": [33.590309143066406, 36.56387710571289, 37.224666595458984, 35.46255111694336, 38.54625701904297, 41.51982116699219, 39.86783981323242, 41.409690856933594, 38.65638732910156, 39.75770950317383, 40.52863311767578, 43.502201080322266, 44.823787689208984, 43.06167221069336, 47.24669647216797, 47.466957092285156, 51.32158279418945, 44.162994384765625, 52.53303527832031, 51.21145248413086, 53.08369827270508, 53.19383239746094, 49.55946731567383, 56.05727005004883, 50.77091979980469, 53.08369827270508, 50.5506591796875, 59.36123275756836, 58.03964614868164, 60.02202606201172, 45.15418243408203, 62.9955940246582, 60.13215637207031, 66.299560546875, 63.215858459472656, 63.76651382446289, 64.09691619873047, 63.10572814941406, 60.792945861816406, 69.16299438476562, 70.04405212402344, 65.19823455810547, 74.5594711303711, 63.76651382446289, 71.25550842285156, 76.87223815917969, 78.41409301757812, 75.6607894897461, 83.2599105834961, 78.85462188720703, 80.61673736572266, 68.6123275756836, 79.95594024658203, 80.39647674560547, 87.55506134033203, 74.33920288085938, 75.33039093017578, 84.47135925292969, 77.20264434814453, 85.57268524169922, 82.59911346435547, 83.48017120361328, 88.98677825927734, 75.4405288696289], "test_acc_list": [35.64356231689453, 41.58415985107422, 39.60396194458008, 36.633663177490234, 40.594058990478516, 51.485145568847656, 46.53465270996094, 42.574256896972656, 40.594058990478516, 36.633663177490234, 36.633663177490234, 47.524749755859375, 53.46534729003906, 40.594058990478516, 49.50495147705078, 50.49504470825195, 53.46534729003906, 40.594058990478516, 54.455448150634766, 56.435646057128906, 58.41584014892578, 58.41584014892578, 44.5544548034668, 51.485145568847656, 54.455448150634766, 47.524749755859375, 52.475242614746094, 56.435646057128906, 59.405941009521484, 53.46534729003906, 37.62376403808594, 57.425743103027344, 48.51485061645508, 52.475242614746094, 46.53465270996094, 48.51485061645508, 56.435646057128906, 56.435646057128906, 51.485145568847656, 62.37623596191406, 59.405941009521484, 43.564353942871094, 53.46534729003906, 49.50495147705078, 57.425743103027344, 55.4455451965332, 52.475242614746094, 49.50495147705078, 56.435646057128906, 43.564353942871094, 47.524749755859375, 53.46534729003906, 44.5544548034668, 54.455448150634766, 55.4455451965332, 42.574256896972656, 50.49504470825195, 58.41584014892578, 57.425743103027344, 43.564353942871094, 42.574256896972656, 51.485145568847656, 42.574256896972656, 54.455448150634766], "loss_mean_list": [1.371004018867225, 1.3623777293322379, 1.3519515426535356, 1.343625501582497, 1.3359605283067937, 1.3267373453106797, 1.3166571500008566, 1.3074422196338051, 1.2966342035092806, 1.2859246228870593, 1.2706060242234616, 1.2642735096446254, 1.2465586202186452, 1.238637510098909, 1.2303284009297688, 1.2072223905931438, 1.2031353900307102, 1.1974314597615026, 1.180095678881595, 1.1776864298602991, 1.1516675781785397, 1.1395045424762524, 1.117915085533209, 1.1051408962199563, 1.0879921630809182, 1.074360936357264, 1.0746659636497498, 1.030412745057491, 1.0283488767188893, 1.0312550057444656, 0.9877972111367342, 0.9921205378415292, 0.9651146217396385, 0.9446519634179902, 0.9492578997946622, 0.9274602657870242, 0.9101324562440839, 0.894327391657913, 0.8889926055021453, 0.8831017006907547, 0.8552893902126112, 0.803053433435005, 0.8121325195881358, 0.8010600407918295, 0.7767078285677391, 0.7622479294475756, 0.7554305133066679, 0.7186261697819358, 0.73419368110205, 0.7109180014384421, 0.6567710726930384, 0.6602292813752827, 0.6563469845997659, 0.6386975870843519, 0.6311065842185104, 0.5873847133234927, 0.5973096291224161, 0.6050676781880228, 0.59618310865603, 0.5766380037132063, 0.5558552632206365, 0.5385141111256784, 0.4983522905069485, 0.5082680054923945], "loss_std_list": [0.013840213630366785, 0.01631379370823208, 0.021106719754142585, 0.02410322151083598, 0.023195188447213914, 0.029204472876577937, 0.02803034983789825, 0.03266268581242934, 0.0374522352312924, 0.0452234175572694, 0.04856271005915754, 0.04887810581781564, 0.054509899421381194, 0.06677187732986467, 0.060390908705490985, 0.06719318796856238, 0.07647301579565237, 0.08797439274483929, 0.08995160496893471, 0.09108471110291856, 0.09948915635255423, 0.09602163641359408, 0.08665739670249989, 0.09849720957948628, 0.12815018147270052, 0.09389259215248262, 0.1311650565080884, 0.10729950315862298, 0.12690217938504958, 0.11557303486789508, 0.10019297234953632, 0.1266403894521135, 0.12551486216946722, 0.13616496652251442, 0.1352503717529867, 0.14759795692235775, 0.12624871121135656, 0.1322028493686375, 0.1307309420604186, 0.13276270242872973, 0.1566384553589732, 0.14511668839013375, 0.150688427597687, 0.16656744682456215, 0.17017528261311698, 0.1483854892788178, 0.1548810014708913, 0.17275894269187808, 0.15232703644826426, 0.14992207953171677, 0.14156097385682093, 0.17000456046093382, 0.14078794357790866, 0.13510571628998905, 0.17103749954576677, 0.14015571122065773, 0.15608502389813753, 0.13588665814241335, 0.17805245700422792, 0.15371715561881918, 0.15341840149363173, 0.13107057873605862, 0.14178636391178526, 0.1358149895229578]}