{"train_acc_list": [27.469135802469136, 26.620370370370374, 27.314814814814813, 30.864197530864196, 32.870370370370374, 30.941358024691358, 35.26234567901235, 34.413580246913575, 35.49382716049383, 37.03703703703704, 38.58024691358025, 38.19444444444444, 41.358024691358025, 41.66666666666667, 42.129629629629626, 46.6820987654321, 44.21296296296296, 49.2283950617284, 48.842592592592595, 47.99382716049383, 49.92283950617284, 50.77160493827161, 53.85802469135802, 54.089506172839506, 54.01234567901234, 59.79938271604939, 57.48456790123457, 59.79938271604939, 58.17901234567901, 57.25308641975309, 60.26234567901234, 60.26234567901234, 62.191358024691354, 64.42901234567901, 62.1141975308642, 65.89506172839506, 64.2746913580247, 64.58333333333334, 66.89814814814815, 64.6604938271605, 66.9753086419753, 67.66975308641975, 67.43827160493827, 68.20987654320987, 71.06481481481481, 71.21913580246914, 71.83641975308642, 73.2253086419753, 69.98456790123457, 72.99382716049382, 72.68518518518519, 72.14506172839506, 73.07098765432099, 73.4567901234568, 72.53086419753086, 73.68827160493827, 74.84567901234568, 74.6141975308642, 73.91975308641975, 76.1574074074074, 76.31172839506173, 76.46604938271605, 76.1574074074074, 78.62654320987654], "test_acc_list": [45.54455445544555, 42.57425742574257, 47.524752475247524, 39.603960396039604, 38.613861386138616, 39.603960396039604, 35.64356435643564, 18.81188118811881, 30.693069306930692, 25.742574257425744, 32.67326732673268, 25.742574257425744, 27.722772277227726, 16.831683168316832, 22.772277227722775, 26.732673267326735, 20.792079207920793, 24.752475247524753, 22.772277227722775, 22.772277227722775, 25.742574257425744, 30.693069306930692, 31.683168316831683, 29.7029702970297, 30.693069306930692, 31.683168316831683, 32.67326732673268, 32.67326732673268, 27.722772277227726, 30.693069306930692, 30.693069306930692, 32.67326732673268, 32.67326732673268, 36.633663366336634, 33.663366336633665, 36.633663366336634, 37.62376237623762, 37.62376237623762, 38.613861386138616, 34.65346534653465, 34.65346534653465, 36.633663366336634, 35.64356435643564, 37.62376237623762, 34.65346534653465, 38.613861386138616, 36.633663366336634, 39.603960396039604, 36.633663366336634, 37.62376237623762, 35.64356435643564, 41.584158415841586, 35.64356435643564, 39.603960396039604, 41.584158415841586, 40.5940594059406, 43.56435643564357, 43.56435643564357, 39.603960396039604, 42.57425742574257, 40.5940594059406, 38.613861386138616, 40.5940594059406, 42.57425742574257], "loss_mean_list": [1.38628555374381, 1.3844228821036257, 1.3802758970378357, 1.3766925128889673, 1.3751094473732843, 1.374482653759144, 1.369769287698063, 1.366882038705143, 1.3626673898579162, 1.358896443873276, 1.349522218292142, 1.3415493670805, 1.3359866613223228, 1.334224714173211, 1.32752979979103, 1.3093963596555922, 1.2963370379106498, 1.2821600083951596, 1.2688893359384419, 1.247200471383554, 1.2300095558166504, 1.2223724965695981, 1.1909859320263805, 1.1758659180299735, 1.1581836144129436, 1.1181953740708621, 1.10231492769571, 1.0778716140323215, 1.0492673111550601, 1.0635913639892767, 1.030464012681702, 1.0051182949984516, 0.9943108117138898, 0.9764794317292579, 0.9573888881706897, 0.9534891527376057, 0.9152635328563643, 0.9256418707930012, 0.9037592514061633, 0.8907970109103639, 0.9037569864296618, 0.8858282433615791, 0.8692951165599587, 0.8521233127440935, 0.84858833823675, 0.8175466781781043, 0.8070619602998098, 0.8003218828895946, 0.7741068193206081, 0.7884790775952516, 0.8187987966302, 0.7926080561714408, 0.7893410071178719, 0.7750562190273662, 0.7296764924202437, 0.7454032125296416, 0.7466153071986305, 0.7638136347134908, 0.7398243355162349, 0.7157468449922255, 0.7012521668716714, 0.6936955595457995, 0.704945393918473, 0.7227948201291355], "loss_std_list": [0.020664271059722294, 0.022650385644321334, 0.022251859339122843, 0.021763488474727824, 0.02084740365291411, 0.023904485938212205, 0.028161011742324046, 0.0249873237415246, 0.02470062979624882, 0.029737173384344937, 0.03024492498270992, 0.03144761723658496, 0.03520600978674442, 0.038765146946242515, 0.03681309101041773, 0.04200300937759031, 0.047079036611732884, 0.05342652059504986, 0.06629541858671399, 0.0653488371980894, 0.06140883844264622, 0.08555203522986976, 0.08989512858458018, 0.09064786807152915, 0.0925178261093032, 0.10396825571775699, 0.1153850316044436, 0.13701771404473717, 0.11978831117760584, 0.13697017664363972, 0.1331434016662378, 0.11882086494367572, 0.14369768413267434, 0.13921648930810343, 0.14592617372712752, 0.16136592624983248, 0.1499615207022944, 0.1540701123460078, 0.15523254076900916, 0.15900847439142063, 0.14635124790321805, 0.1496522899940731, 0.151990360101747, 0.17131324648992896, 0.17079899891047948, 0.1364462601951423, 0.15557398137605521, 0.18162975051660185, 0.151371114284523, 0.17446698729479249, 0.16438197351350262, 0.16021726142204168, 0.16218673297697672, 0.15768423569647363, 0.15947356486975445, 0.16038924386907488, 0.17632002760326612, 0.1662687259619858, 0.1886574147428911, 0.15544343067215233, 0.16391025262019154, 0.16167563257401074, 0.17366440950263246, 0.18898807074168306], "precision": [0.5151515151515151, 0.5909090909090909, 0.0, 0.37142857142857144], "recall": [0.3469387755102041, 0.7222222222222222, 0.0, 0.40625], "fscore": [0.41463414634146345, 0.65, 0.0, 0.3880597014925374]}