{"train_acc_list": [27.42290496826172, 26.43171501159668, 27.863433837890625, 28.08370018005371, 28.193832397460938, 33.259910583496094, 39.20704650878906, 42.07048416137695, 43.502201080322266, 43.94272994995117, 44.05286407470703, 46.47576904296875, 47.466957092285156, 46.58590316772461, 48.56827926635742, 49.11894226074219, 48.788543701171875, 49.55946731567383, 52.202640533447266, 53.30396270751953, 51.21145248413086, 55.5066032409668, 56.387664794921875, 57.26872253417969, 56.05727005004883, 58.92070388793945, 60.903079986572266, 61.67400360107422, 63.10572814941406, 64.53744506835938, 65.19823455810547, 64.20704650878906, 69.16299438476562, 65.85902404785156, 72.90748596191406, 73.89867401123047, 69.49339294433594, 71.36563873291016, 72.46695709228516, 77.42290496826172, 73.56827545166016, 77.7532958984375, 79.18502044677734, 81.05726623535156, 81.05726623535156, 83.2599105834961, 85.46255493164062, 86.78413391113281, 84.8017578125, 87.00440216064453, 85.2422866821289, 88.98677825927734, 88.43611907958984, 86.34361267089844, 88.65638732910156, 91.62995147705078, 89.75770568847656, 92.8414077758789, 90.74889373779297, 87.55506134033203, 92.07048034667969, 95.0440444946289, 88.54624938964844, 95.37445068359375], "test_acc_list": [15.841584205627441, 17.821781158447266, 16.831682205200195, 16.831682205200195, 16.831682205200195, 25.742572784423828, 31.683168411254883, 36.633663177490234, 36.633663177490234, 40.594058990478516, 39.60396194458008, 43.564353942871094, 43.564353942871094, 49.50495147705078, 44.5544548034668, 46.53465270996094, 47.524749755859375, 51.485145568847656, 50.49504470825195, 51.485145568847656, 54.455448150634766, 54.455448150634766, 57.425743103027344, 52.475242614746094, 49.50495147705078, 55.4455451965332, 50.49504470825195, 47.524749755859375, 45.544551849365234, 49.50495147705078, 48.51485061645508, 47.524749755859375, 49.50495147705078, 53.46534729003906, 52.475242614746094, 48.51485061645508, 49.50495147705078, 54.455448150634766, 45.544551849365234, 50.49504470825195, 41.58415985107422, 49.50495147705078, 54.455448150634766, 54.455448150634766, 47.524749755859375, 49.50495147705078, 53.46534729003906, 49.50495147705078, 47.524749755859375, 45.544551849365234, 48.51485061645508, 46.53465270996094, 47.524749755859375, 51.485145568847656, 48.51485061645508, 45.544551849365234, 50.49504470825195, 57.425743103027344, 51.485145568847656, 52.475242614746094, 51.485145568847656, 50.49504470825195, 40.594058990478516, 54.455448150634766], "loss_mean_list": [1.42034768012532, 1.4063978948091205, 1.3959777501591466, 1.3848103786769665, 1.3738305254986412, 1.3606021717975014, 1.3537499695493465, 1.3408806386746859, 1.3297402775078488, 1.3181080002533763, 1.3019075540074132, 1.2884847030305027, 1.2656879717843574, 1.2608669410672104, 1.2462649659106606, 1.2249456058468735, 1.2104450004142628, 1.2068696586709273, 1.191079204542595, 1.1725677021762781, 1.1565553953773098, 1.1466494369925113, 1.135055446833895, 1.1184644657268858, 1.0939774565529405, 1.0764450587724383, 1.0518272958303754, 1.0456685183341043, 1.0027052739210296, 0.9844870169957479, 0.9807885989808199, 0.9536930939607453, 0.947295652146925, 0.9304139488621762, 0.9105502722556131, 0.8937360686168336, 0.8628503920739157, 0.833906188345792, 0.8576568511494419, 0.8021526608550757, 0.7953443642248187, 0.7795769425860622, 0.7590819168509099, 0.739561396732665, 0.7392105935958394, 0.6936646375739783, 0.6743463920919519, 0.6704644968635157, 0.6475524949400049, 0.6255123427039698, 0.6392795835670672, 0.5867411739993513, 0.5899746428456223, 0.5863984357892421, 0.5150009108739987, 0.5276071092015818, 0.5057806482440547, 0.5082609658701378, 0.47586086183263543, 0.4635977384291197, 0.45711142713563485, 0.4342513518375263, 0.44462679300391883, 0.4228562605485581], "loss_std_list": [0.03673095830813302, 0.027198306930615163, 0.029236807815938168, 0.026550647501458205, 0.027385269392363694, 0.030698341493804744, 0.03194492428574412, 0.03072725417687863, 0.030851733077574744, 0.03848442182976424, 0.04287780253832006, 0.042798020236986485, 0.05420227650475563, 0.05340423581928257, 0.05366316673886081, 0.06291962253186485, 0.06620968486058162, 0.08706533265155457, 0.0888671924231708, 0.08487781452234315, 0.10026862560601627, 0.08343772932329457, 0.09669905415903784, 0.07872781449927473, 0.09192724700516812, 0.0929784881542806, 0.0801542529037949, 0.11698037682561209, 0.0840602016590297, 0.11052646776267364, 0.10866849876595182, 0.1040792933293847, 0.11679145607437662, 0.11613983685059706, 0.12552986452963025, 0.114195399260837, 0.10365970191670122, 0.10936013651260218, 0.12290240106325975, 0.11717992952579454, 0.14763551864078112, 0.13380827572143578, 0.13264071828594232, 0.12741438062583227, 0.12807994166038264, 0.1510017579063052, 0.10343004993505762, 0.13624327993454508, 0.14938410793942236, 0.14252281641275213, 0.14559837942222464, 0.11635636277034273, 0.13787247355869306, 0.12729304749851744, 0.12329792520592371, 0.11476193333010948, 0.11252315381892032, 0.12239134320120536, 0.1252030132665763, 0.1104354173495733, 0.12705453172348188, 0.10877079428432694, 0.12428237962542098, 0.11240421836493598]}