{"train_acc_list": [28.3179012345679, 31.095679012345677, 32.71604938271605, 37.5, 42.20679012345679, 47.608024691358025, 46.2962962962963, 46.373456790123456, 45.910493827160494, 46.6820987654321, 47.99382716049383, 48.148148148148145, 48.76543209876543, 50.15432098765432, 51.388888888888886, 56.79012345679012, 57.48456790123457, 57.79320987654321, 59.10493827160494, 58.56481481481482, 59.336419753086425, 60.879629629629626, 61.419753086419746, 61.882716049382715, 62.191358024691354, 64.73765432098766, 63.657407407407405, 65.12345679012346, 67.05246913580247, 64.58333333333334, 68.3641975308642, 68.90432098765432, 68.90432098765432, 68.05555555555556, 69.98456790123457, 69.83024691358025, 69.59876543209876, 70.13888888888889, 71.75925925925925, 70.9104938271605, 72.0679012345679, 73.14814814814815, 72.99382716049382, 74.38271604938271, 73.99691358024691, 75.46296296296296, 73.37962962962963, 74.76851851851852, 75.61728395061729, 76.5432098765432, 73.37962962962963, 76.08024691358025, 74.15123456790124, 76.31172839506173, 76.69753086419753, 78.08641975308642, 76.92901234567901, 77.1604938271605, 77.9320987654321, 77.62345679012346, 76.38888888888889, 78.08641975308642, 79.55246913580247, 79.16666666666666, 77.1604938271605, 78.85802469135803, 77.54629629629629, 80.47839506172839, 79.7067901234568, 81.55864197530865, 80.55555555555556, 79.55246913580247, 79.55246913580247, 81.86728395061729, 81.86728395061729, 82.17592592592592, 81.25, 82.48456790123457, 80.40123456790124, 82.33024691358025, 83.10185185185185, 81.94444444444444, 82.25308641975309, 83.0246913580247, 83.48765432098766, 82.87037037037037, 83.4104938271605, 83.4104938271605, 82.87037037037037, 84.33641975308642, 83.0246913580247, 84.33641975308642, 83.71913580246914, 82.71604938271605, 85.26234567901234, 84.33641975308642, 83.79629629629629, 84.41358024691358, 86.03395061728395, 86.3425925925926, 85.80246913580247, 85.26234567901234, 84.87654320987654, 84.5679012345679, 86.72839506172839, 86.11111111111111, 87.57716049382715, 87.19135802469135, 87.1141975308642, 87.73148148148148, 86.72839506172839, 86.65123456790124, 87.73148148148148, 88.19444444444444, 87.96296296296296, 85.80246913580247, 86.88271604938271, 87.8858024691358, 87.8858024691358, 87.65432098765432, 88.04012345679013, 87.42283950617285, 89.19753086419753, 88.34876543209876, 86.41975308641975, 88.73456790123457, 88.96604938271605, 88.96604938271605], "test_acc_list": [26.732673267326735, 31.683168316831683, 31.683168316831683, 31.683168316831683, 30.693069306930692, 21.782178217821784, 22.772277227722775, 22.772277227722775, 21.782178217821784, 21.782178217821784, 21.782178217821784, 23.762376237623762, 22.772277227722775, 27.722772277227726, 25.742574257425744, 26.732673267326735, 23.762376237623762, 25.742574257425744, 30.693069306930692, 31.683168316831683, 30.693069306930692, 31.683168316831683, 31.683168316831683, 36.633663366336634, 32.67326732673268, 33.663366336633665, 34.65346534653465, 34.65346534653465, 37.62376237623762, 36.633663366336634, 40.5940594059406, 36.633663366336634, 38.613861386138616, 38.613861386138616, 40.5940594059406, 43.56435643564357, 42.57425742574257, 40.5940594059406, 41.584158415841586, 41.584158415841586, 42.57425742574257, 36.633663366336634, 40.5940594059406, 42.57425742574257, 45.54455445544555, 43.56435643564357, 38.613861386138616, 47.524752475247524, 44.554455445544555, 41.584158415841586, 41.584158415841586, 48.51485148514851, 43.56435643564357, 46.53465346534654, 43.56435643564357, 44.554455445544555, 46.53465346534654, 45.54455445544555, 48.51485148514851, 45.54455445544555, 43.56435643564357, 45.54455445544555, 48.51485148514851, 49.504950495049506, 49.504950495049506, 46.53465346534654, 47.524752475247524, 46.53465346534654, 45.54455445544555, 52.475247524752476, 51.48514851485149, 53.46534653465347, 47.524752475247524, 52.475247524752476, 46.53465346534654, 53.46534653465347, 44.554455445544555, 51.48514851485149, 48.51485148514851, 49.504950495049506, 50.495049504950494, 49.504950495049506, 50.495049504950494, 49.504950495049506, 49.504950495049506, 49.504950495049506, 51.48514851485149, 44.554455445544555, 45.54455445544555, 45.54455445544555, 47.524752475247524, 47.524752475247524, 50.495049504950494, 46.53465346534654, 53.46534653465347, 52.475247524752476, 50.495049504950494, 49.504950495049506, 51.48514851485149, 48.51485148514851, 47.524752475247524, 44.554455445544555, 51.48514851485149, 45.54455445544555, 52.475247524752476, 48.51485148514851, 49.504950495049506, 48.51485148514851, 49.504950495049506, 49.504950495049506, 52.475247524752476, 49.504950495049506, 47.524752475247524, 49.504950495049506, 50.495049504950494, 47.524752475247524, 47.524752475247524, 48.51485148514851, 49.504950495049506, 46.53465346534654, 45.54455445544555, 50.495049504950494, 48.51485148514851, 49.504950495049506, 43.56435643564357, 47.524752475247524, 47.524752475247524, 49.504950495049506], "loss_mean_list": [1.3868852728678855, 1.3826117368392001, 1.3779154000458893, 1.3707651032341852, 1.3617727550459497, 1.3492368908576022, 1.335731006698844, 1.3154158996947019, 1.2944648538106753, 1.2766753725799513, 1.2573159844787032, 1.235074994004803, 1.2240822591163494, 1.2011195399143078, 1.1920737201049003, 1.1849409018033816, 1.1516443233431122, 1.1424999218664051, 1.127198991952119, 1.1144156356652577, 1.1060451637079687, 1.0889641874366336, 1.0731591118706598, 1.0496908142978763, 1.0464946476765622, 1.0304094939320176, 1.0335980157057445, 1.0317294340074799, 1.012680991932198, 0.9776470889279871, 0.9914333833220564, 0.9480619728565216, 0.937828759720296, 0.9565116417260817, 0.9219155020919847, 0.9183407481069918, 0.915768642300441, 0.9096836543377534, 0.8877314086313601, 0.8820285270979376, 0.8723974969284034, 0.8809182809458839, 0.8276489772546438, 0.8488488968139813, 0.8328328209894674, 0.8112201582134506, 0.8249692469835281, 0.7942381904081062, 0.7901616510417726, 0.7933048758609795, 0.7834259827195862, 0.773117920866719, 0.7792461529190158, 0.7404371124726755, 0.7517244475491253, 0.7258734323176337, 0.7363634722100364, 0.6975194097117141, 0.6922637927863333, 0.6939546296625961, 0.7212346306553593, 0.6757592102627695, 0.6661418741683901, 0.6788991930676095, 0.6692098439843567, 0.685746525356799, 0.6532861441373825, 0.6442516830600338, 0.6583048212859366, 0.6551713168069169, 0.624357472875236, 0.612620905501607, 0.6205168546717844, 0.6284196334488598, 0.6017082016225215, 0.6296105027934651, 0.5978275869547585, 0.6012319841502626, 0.6008870700995127, 0.5959037868880931, 0.5738661132844878, 0.5778114648512852, 0.5594972312266444, 0.5757915257119838, 0.6147594757286119, 0.5791554809260515, 0.5431834641430113, 0.5452828615167995, 0.5544843950573309, 0.563424002563144, 0.5256401876700513, 0.5659568114781085, 0.5435285415546394, 0.5291406040390333, 0.5191216597586502, 0.5347887503880041, 0.5238100084257714, 0.5181421708361602, 0.5275285395759123, 0.5067373506356905, 0.4934733943254859, 0.4979439904384407, 0.5125234232824526, 0.49534005138241216, 0.5024492555746326, 0.47474934344674335, 0.4875580300519496, 0.4877637279806314, 0.4972845375721837, 0.46767247164690934, 0.46570768115329153, 0.45886461772484544, 0.47372930331362617, 0.46237066231759977, 0.4436043549650981, 0.4385674375534793, 0.4563326988093279, 0.4325077858879978, 0.4659090264251939, 0.44484503548822285, 0.4285520215829213, 0.4463099411194339, 0.43338560542942567, 0.4285508972351198, 0.41792160737109774, 0.45432475080460677, 0.4320815989724648, 0.41916393778390354],