{"train_acc_list": [22.687223434448242, 30.726871490478516, 35.46255111694336, 36.89427185058594, 36.78413772583008, 38.54625701904297, 36.674007415771484, 35.79294967651367, 37.334800720214844, 37.885459899902344, 36.674007415771484, 37.77532958984375, 38.98678207397461, 38.436119079589844, 35.68281936645508, 38.65638732910156, 36.123348236083984, 38.87664794921875, 37.224666595458984, 39.64757537841797, 41.8502197265625, 41.299556732177734, 42.511009216308594, 43.612335205078125, 46.2555046081543, 46.8061637878418, 47.57708740234375, 47.687225341796875, 48.45814514160156, 50.660789489746094], "test_acc_list": [20.79207992553711, 33.66336441040039, 48.51485061645508, 53.46534729003906, 46.53465270996094, 48.51485061645508, 40.594058990478516, 52.475242614746094, 47.524749755859375, 45.544551849365234, 53.46534729003906, 47.524749755859375, 47.524749755859375, 41.58415985107422, 42.574256896972656, 45.544551849365234, 51.485145568847656, 41.58415985107422, 51.485145568847656, 57.425743103027344, 46.53465270996094, 47.524749755859375, 51.485145568847656, 45.544551849365234, 47.524749755859375, 49.50495147705078, 52.475242614746094, 50.49504470825195, 46.53465270996094, 54.455448150634766], "loss_mean_list": [1.3923496154316686, 1.3874738927473103, 1.3819718319073058, 1.3784711319103575, 1.373391582254778, 1.3696093872973794, 1.3610618553663556, 1.358962190778632, 1.3579786388497603, 1.346327823505067, 1.345398093524732, 1.3407258569148548, 1.3383462198993616, 1.3318275589691966, 1.3241338604374935, 1.3272000132945545, 1.3200194814748931, 1.315249857149626, 1.306370866926093, 1.2984218911120766, 1.2968607973634152, 1.2870246778454697, 1.2757948386041742, 1.273492505675868, 1.260669093382986, 1.2606675352966576, 1.255743568403679, 1.2465905243890327, 1.2279983884409855, 1.2188161402417903], "loss_std_list": [0.012230985816980906, 0.01253771902893838, 0.013859434697456778, 0.014344449452676399, 0.01968098496346327, 0.016665333453062557, 0.0219357794480397, 0.02784650936611226, 0.024318112871834413, 0.02591409800409951, 0.030771279531688452, 0.03625747677056023, 0.03336519639662896, 0.039121282832107925, 0.044157208113913514, 0.041127842858073825, 0.051154930679694274, 0.05514985343636952, 0.047612107116415725, 0.05520655585681677, 0.06111393221553395, 0.06334275940104121, 0.07095035356941279, 0.06519895516594817, 0.07082804584698149, 0.07017821411083722, 0.09214379476198599, 0.08161429767407859, 0.09318735342963161, 0.08480443959304751]}