{"train_acc_list": [35.68281936645508, 37.334800720214844, 37.885459899902344, 38.766517639160156, 38.32598876953125, 38.65638732910156, 36.78413772583008, 40.85902786254883, 42.62114334106445, 45.7048454284668, 45.04404830932617, 44.27312469482422, 47.466957092285156, 47.35682678222656, 45.59471130371094, 48.237884521484375, 48.12775421142578, 49.55946731567383, 50.44052505493164, 51.43171691894531, 53.85462188720703, 54.84580993652344, 54.185020446777344, 52.973567962646484, 58.92070388793945, 61.34360885620117, 62.0044059753418, 60.13215637207031, 61.67400360107422, 67.07048034667969, 67.73126983642578, 66.74008178710938], "test_acc_list": [46.53465270996094, 49.50495147705078, 48.51485061645508, 43.564353942871094, 44.5544548034668, 45.544551849365234, 43.564353942871094, 47.524749755859375, 43.564353942871094, 47.524749755859375, 44.5544548034668, 41.58415985107422, 52.475242614746094, 51.485145568847656, 45.544551849365234, 45.544551849365234, 46.53465270996094, 48.51485061645508, 43.564353942871094, 48.51485061645508, 50.49504470825195, 49.50495147705078, 46.53465270996094, 52.475242614746094, 56.435646057128906, 48.51485061645508, 55.4455451965332, 46.53465270996094, 47.524749755859375, 47.524749755859375, 48.51485061645508, 49.50495147705078], "loss_mean_list": [1.3852675734904774, 1.3737133804120516, 1.3615151518269588, 1.3497560400711863, 1.343603866142139, 1.332958832121732, 1.3233223630670916, 1.3142938153785573, 1.3094382160588314, 1.2972500533388371, 1.2815352490073757, 1.2728487943348132, 1.2663858773415548, 1.2572077931019299, 1.2406593540258575, 1.2310493389765422, 1.218058090460928, 1.213712583508408, 1.189366848845231, 1.1824095186434294, 1.1669934925280119, 1.1432198495195622, 1.1246727631803144, 1.112002434437735, 1.0850921032721537, 1.0605964890697546, 1.0336235625702037, 1.0250131466932464, 0.98409832987869, 0.9754323185535899, 0.955007739234389, 0.9247862895329794], "loss_std_list": [0.01845962140984561, 0.01817621850803888, 0.018387630308956168, 0.021770915487967262, 0.019476151822972073, 0.031069308752619616, 0.03385437089357458, 0.03625366700475498, 0.03731916680468264, 0.04301481849141477, 0.044095439821115974, 0.04597004940340399, 0.05662573224084037, 0.06087814696345056, 0.05667360267496771, 0.06178810419648286, 0.06605414151905722, 0.07481482320846264, 0.06512424626979692, 0.0688438581868079, 0.0792174452064686, 0.09979382459967368, 0.07732718594406664, 0.07573721509746278, 0.09991593388909512, 0.09215051651139261, 0.09531231576339458, 0.10663757844792433, 0.10798287621187344, 0.09196587348978398, 0.11304061335805755, 0.11230269576151952]}